ID,Product Name,Category,Date,Region,Total Product Sold,Sales,Profit,Growth (%),Discount (%),Customer Rating
P0011,Product 26,Toys,22-05-2023,East,103,9307.17,3709.89,39.86,4.82,2.5
P0007,Product 2,Clothing,06-05-2023,South,436,797.12,2870.02,360.05,19.55,2.1
P0024,Product 25,Furniture,12-02-2023,South,861,2168.3,4988.49,230.06,9.78,3.6
P0042,Product 40,Electronics,03-11-2023,West,271,6744.32,3764.49,55.82,17.71,3
P0044,Product 17,Electronics,14-05-2023,North,107,3650.6,3537.83,96.91,13,2.1
P0032,Product 49,Furniture,17-07-2023,South,72,2616.22,3895.07,148.88,29.53,1.6
P0016,Product 50,Electronics,14-05-2023,West,701,3023.38,724.21,23.95,4.49,1.5
P0019,Product 44,Furniture,27-07-2023,West,21,3293.25,1030.68,31.3,13.94,4.5
P0027,Product 15,Clothing,12-08-2023,East,615,8501.83,3573.18,42.03,20.41,2
P0036,Product 50,Electronics,05-03-2023,East,122,1452.55,2474.97,170.39,11.87,3.6
P0033,Product 32,Toys,26-12-2023,South,467,7118.22,3775.63,53.04,29.24,4.2
P0048,Product 33,Electronics,04-04-2023,West,215,5572.92,523.55,9.39,21.66,3.5
P0013,Product 15,Electronics,21-07-2023,East,331,3035.45,2687.04,88.52,19.71,4.4
P0005,Product 41,Toys,01-05-2023,North,459,4255.83,1900.32,44.65,22.71,2.6
P0008,Product 19,Furniture,18-09-2023,South,88,2636.45,2290.43,86.88,28.58,4.8
P0034,Product 10,Food,19-06-2023,South,373,6153.99,3023.75,49.13,27.23,1.5
P0050,Product 33,Electronics,15-06-2023,East,100,907.78,2516.42,277.21,21.73,1.4
P0022,Product 34,Food,27-12-2023,West,872,151.33,2703.9,1786.76,22.47,3.6
P0012,Product 19,Food,03-11-2023,South,664,6316.15,2436.92,38.58,4.38,4.8
P0023,Product 27,Toys,28-08-2023,West,131,2023.31,2050.69,101.35,3.08,4.2
P0018,Product 11,Clothing,08-03-2023,North,662,802.32,3861.69,481.32,17.13,1.3
P0048,Product 21,Clothing,09-06-2023,South,309,4028.16,70.89,1.76,0.55,2.1
P0018,Product 32,Food,03-08-2023,West,770,602.61,2996.23,497.21,14.47,4.7
P0031,Product 22,Toys,17-11-2023,East,344,8877.51,2831.89,31.9,6.31,2
P0019,Product 32,Furniture,20-05-2023,East,492,373.41,3583.73,959.73,10.38,4.1
P0021,Product 31,Food,05-01-2023,South,414,5830.76,2999.16,51.44,23.27,4.3
P0020,Product 49,Toys,11-10-2023,North,806,4440.89,4135.73,93.13,28.24,3
P0044,Product 29,Clothing,25-03-2023,East,386,6753.06,4795.78,71.02,2.17,2.5
P0026,Product 21,Food,10-09-2023,East,192,3348.71,1719.2,51.34,16.03,2.8
P0021,Product 46,Electronics,04-02-2023,North,956,1634.91,1144.48,70,26.48,1.9
P0011,Product 34,Electronics,26-02-2023,South,277,9820.22,2123.75,21.63,2.48,4.6
P0037,Product 11,Clothing,17-07-2023,North,161,8405.44,1446.77,17.21,24.74,2.8
P0001,Product 13,Toys,20-08-2023,East,460,8618.01,3078.6,35.72,10.73,4.5
P0046,Product 44,Clothing,16-10-2023,West,314,2577.49,4560.14,176.92,9.66,1.4
P0001,Product 32,Clothing,03-01-2023,East,22,484.46,704.19,145.36,29.32,5
P0014,Product 38,Clothing,09-02-2023,North,253,3102.33,512.97,16.53,6.03,2.8
P0045,Product 32,Electronics,22-12-2023,North,748,5417.12,1287.52,23.77,20.8,1.2
P0046,Product 22,Toys,09-05-2023,South,857,3333.85,3633.22,108.98,24.64,1.2
P0015,Product 18,Furniture,12-01-2023,East,561,8295.9,2968.88,35.79,1.24,4
P0032,Product 14,Electronics,05-09-2023,North,475,2788.27,520.04,18.65,20.11,3.6
P0017,Product 30,Furniture,26-04-2023,West,59,9655.99,4594.57,47.58,28.55,4.2
P0023,Product 2,Electronics,02-12-2023,East,511,4626.93,3952.52,85.42,3.73,1.4
P0014,Product 8,Food,12-01-2023,West,682,8436.03,124.88,1.48,26.89,1.1
P0049,Product 21,Clothing,28-10-2023,West,476,2024.36,3260.32,161.05,17.84,3
P0043,Product 40,Furniture,22-07-2023,West,700,4172.4,3858.52,92.48,18.5,2.6
P0027,Product 27,Electronics,17-01-2023,South,976,7025.17,1878.43,26.74,18.39,2.8
P0034,Product 41,Clothing,18-06-2023,East,783,1469.7,353.92,24.08,8.97,5
P0024,Product 13,Electronics,17-03-2023,South,190,1414.18,395.83,27.99,28.06,4.9
P0020,Product 11,Electronics,14-11-2023,East,958,9698.41,530.19,5.47,28.42,4.8
P0016,Product 38,Furniture,21-01-2023,West,687,7174.49,4203.79,58.59,18.76,4.1
P0031,Product 3,Toys,31-07-2023,South,958,506.57,4554.32,899.05,23.5,2.4
P0001,Product 28,Clothing,03-11-2023,East,563,4048.33,622.83,15.38,18.37,2.6
P0023,Product 2,Furniture,25-07-2023,North,876,4391.86,1187.17,27.03,14.53,3.2
P0011,Product 42,Clothing,15-04-2023,West,567,7466.02,835.95,11.2,19.82,4.3
P0016,Product 13,Electronics,19-07-2023,West,244,2583.52,939.74,36.37,16.59,1.3
P0048,Product 11,Furniture,14-04-2023,West,832,1924.9,4189.08,217.63,17.92,2.7
P0025,Product 42,Furniture,12-03-2023,South,505,900.64,1667.41,185.14,23.51,1.3
P0005,Product 50,Food,08-02-2023,North,131,4340.31,1564.11,36.04,14.43,3.1
P0026,Product 15,Clothing,11-02-2023,North,485,6916.15,1144.7,16.55,1.22,4.6
P0037,Product 10,Food,19-11-2023,North,819,676.12,3043.39,450.13,4.92,4.1
P0017,Product 38,Toys,04-09-2023,East,647,9160.62,1902.74,20.77,13.16,1.9
P0009,Product 47,Electronics,22-09-2023,South,21,4479.29,3723.81,83.13,21.74,4.9
P0025,Product 44,Food,08-07-2023,North,841,2473.89,1035.84,41.87,17.8,3.7
P0011,Product 42,Electronics,15-01-2023,North,167,1029.35,3941.07,382.87,19.51,1
P0006,Product 10,Furniture,24-06-2023,East,274,1910.37,3022.57,158.22,14.38,2
P0027,Product 34,Food,22-01-2023,North,388,9352.68,580.19,6.2,18.47,2
P0033,Product 16,Furniture,23-07-2023,North,601,6418.88,2078.38,32.38,9.87,1.3
P0049,Product 20,Toys,12-10-2023,South,316,5215.29,4318.96,82.81,14.11,4.8
P0015,Product 47,Clothing,24-01-2023,East,14,6605.4,4615.57,69.88,22.33,2.9
P0017,Product 3,Furniture,06-03-2023,South,242,4413.16,2333.84,52.88,26.15,4.6
P0037,Product 6,Toys,13-12-2023,West,777,7327.39,2409.38,32.88,13.01,2.3
P0041,Product 38,Electronics,01-06-2023,West,346,572.39,4593.09,802.44,1.31,1.5
P0013,Product 32,Toys,04-06-2023,South,565,5703.77,2939.47,51.54,4.85,2.9
P0042,Product 1,Furniture,31-12-2023,North,898,1670.6,173.9,10.41,0.63,1.5
P0013,Product 7,Electronics,31-08-2023,East,340,1289.63,4564.62,353.95,19.6,2.9
P0032,Product 22,Electronics,08-10-2023,South,92,3484.61,1248.65,35.83,9.97,4.7
P0020,Product 5,Toys,24-09-2023,North,367,1008.81,2892.38,286.71,16.27,3.1
P0007,Product 2,Toys,04-01-2023,West,956,1032.15,835.91,80.99,14.8,3.5
P0033,Product 32,Furniture,15-02-2023,North,455,3182.99,179.06,5.63,2.45,1.6
P0009,Product 17,Furniture,22-03-2023,North,428,9797.15,1564.25,15.97,12.1,1.2
P0027,Product 44,Toys,07-11-2023,North,509,1835.77,3904.67,212.7,6.62,1.4
P0018,Product 43,Furniture,04-04-2023,East,776,269.89,1395.16,516.94,12.55,3.4
P0035,Product 43,Toys,17-08-2023,South,943,7657.31,1108.29,14.47,6.11,1.4
P0033,Product 32,Toys,22-06-2023,East,35,8088.44,1071.28,13.24,25.21,2.5
P0008,Product 46,Electronics,10-02-2023,West,206,3528.41,2580.72,73.14,5.23,3.2
P0032,Product 10,Furniture,01-08-2023,West,81,4700.27,4877.95,103.78,28.82,2.6
P0010,Product 46,Food,28-03-2023,West,932,6532.76,2300.36,35.21,12.48,1.7
P0023,Product 7,Furniture,25-04-2023,West,562,575.78,2790.95,484.73,25.39,2.1
P0017,Product 10,Food,20-12-2023,North,872,9496.54,4304.55,45.33,18.86,4.7
P0050,Product 41,Clothing,10-06-2023,North,388,8878.14,2680,30.19,22.06,3.7
P0021,Product 28,Furniture,17-02-2023,South,2,2682.85,930.47,34.68,23.03,3
P0032,Product 31,Toys,12-04-2023,West,390,251.51,1504.98,598.38,15.15,1.1
P0015,Product 46,Toys,03-11-2023,East,566,9341.02,1556.59,16.66,16.3,5
P0008,Product 45,Clothing,28-01-2023,West,106,5060.29,1992.62,39.38,15.42,3.7
P0035,Product 40,Clothing,09-06-2023,North,772,5439.84,2139.68,39.33,17.64,2.3
P0032,Product 44,Furniture,18-04-2023,South,822,6871.24,4000.91,58.23,0.88,4.5
P0035,Product 45,Furniture,17-03-2023,West,477,6196.93,1753.44,28.3,11.87,2
P0037,Product 48,Clothing,08-06-2023,South,703,9444.53,2346.48,24.84,18.19,3.2
P0030,Product 1,Clothing,21-10-2023,West,402,9448.09,3128.63,33.11,17.93,3.5
P0010,Product 9,Furniture,16-05-2023,North,730,8685.27,1894.85,21.82,23.79,1.9
P0022,Product 34,Food,18-12-2023,South,556,6400.4,4184.46,65.38,19.65,4.9
P0003,Product 22,Food,16-03-2023,South,162,8029.4,2941.39,36.63,29.76,4
P0029,Product 8,Furniture,09-08-2023,North,202,6803.97,1477.28,21.71,8.52,3.2
P0018,Product 26,Furniture,23-06-2023,East,958,5776.33,3573.16,61.86,10.77,1.7
P0031,Product 41,Electronics,28-07-2023,South,996,1372.15,2642.96,192.61,11.52,1.2
P0028,Product 25,Clothing,21-09-2023,West,270,8130.92,2676.93,32.92,13.97,2.3
P0027,Product 43,Food,29-12-2023,East,863,8224.33,2410.63,29.31,25.08,4
P0015,Product 5,Furniture,05-12-2023,East,816,6296.8,2490.09,39.55,7.07,2.1
P0049,Product 49,Clothing,01-10-2023,East,271,8222.23,3829.13,46.57,23.28,3.2
P0029,Product 3,Food,18-09-2023,West,456,6549.7,523.88,8,12.16,3.9
P0012,Product 17,Electronics,21-10-2023,South,462,2146.18,1678.47,78.21,18.06,1.4
P0044,Product 8,Toys,18-01-2023,East,727,2812.22,386.76,13.75,18.98,3.7
P0037,Product 11,Toys,25-05-2023,East,252,2224.43,3768.7,169.42,11.19,1.4
P0011,Product 36,Toys,14-04-2023,East,702,3834.86,1368.79,35.69,15.38,4.9
P0032,Product 47,Furniture,18-12-2023,North,296,485.74,4488.18,923.99,12.39,3
P0049,Product 16,Food,15-05-2023,West,725,6220.71,2637.63,42.4,2.07,1.6
P0017,Product 47,Electronics,02-03-2023,East,720,3431.89,4005.74,116.72,13.11,2.4
P0009,Product 20,Clothing,22-03-2023,West,749,6591.65,4894.87,74.26,2.92,2.7
P0048,Product 42,Food,09-02-2023,South,338,3915.43,4200.55,107.28,12.15,4
P0013,Product 47,Food,27-11-2023,East,879,6847.98,4336.3,63.32,17.79,4
P0043,Product 9,Toys,01-01-2023,West,53,3472.18,2045.84,58.92,17.38,3.4
P0016,Product 1,Electronics,24-05-2023,West,792,2680.88,2763.1,103.07,19.88,1.4
P0044,Product 41,Toys,07-04-2023,East,922,5010.77,1276.9,25.48,2.86,1.6
P0039,Product 25,Food,25-09-2023,South,217,6959.61,988.6,14.2,19.56,1.4
P0011,Product 17,Furniture,24-03-2023,East,764,3548.53,2532.48,71.37,9.36,3.3
P0028,Product 21,Food,04-05-2023,North,188,9372.82,2979.29,31.79,11.97,4.5
P0035,Product 21,Electronics,04-04-2023,South,380,487.94,1702.96,349.01,25.74,2.7
P0038,Product 39,Electronics,02-11-2023,North,493,4237.67,2851.52,67.29,0.27,1.6
P0042,Product 7,Toys,23-01-2023,East,41,9679.05,4438.43,45.86,17.65,3.2
P0034,Product 21,Toys,30-05-2023,South,157,5524.92,2788.04,50.46,17.96,4.2
P0011,Product 12,Food,21-01-2023,West,15,4292.36,3606.86,84.03,11.9,4
P0043,Product 5,Toys,08-09-2023,East,813,5728.35,4028.52,70.33,7.11,4.5
P0040,Product 18,Clothing,30-05-2023,East,65,5801.65,4943.76,85.21,7.04,2.1
P0006,Product 39,Toys,03-08-2023,West,857,7343.31,3019.96,41.13,26.51,1.8
P0020,Product 21,Clothing,04-10-2023,West,839,1364.13,4036.18,295.88,13.26,4.5
P0024,Product 6,Food,18-10-2023,North,521,2575.16,4813.62,186.93,9.93,3.6
P0010,Product 48,Clothing,21-11-2023,East,344,5847.39,4722.6,80.76,13.46,2.2
P0035,Product 43,Food,22-01-2023,North,129,8684.45,714,8.22,20.08,4
P0013,Product 19,Electronics,03-01-2023,East,648,5662.48,2037.9,35.99,4.37,4.3
P0025,Product 5,Toys,11-08-2023,South,472,2462.11,1626.71,66.07,13.48,3.5
P0045,Product 7,Electronics,25-10-2023,East,63,6830.46,443.76,6.5,17.64,3.8
P0014,Product 45,Food,10-03-2023,South,139,7425.1,3169.87,42.69,28.46,2.5
P0019,Product 28,Food,02-07-2023,West,499,2458.54,3682.16,149.77,7.58,3.2
P0024,Product 46,Toys,18-02-2023,East,593,3839.52,4242.16,110.49,10.78,3.1
P0025,Product 31,Clothing,30-04-2023,West,392,5389.84,622.66,11.55,11.38,4.4
P0046,Product 14,Clothing,23-07-2023,South,675,5015.96,4383.46,87.39,18.17,4.4
P0006,Product 15,Toys,17-04-2023,West,419,3957.22,3218.2,81.32,10.7,4.3
P0033,Product 7,Toys,10-07-2023,East,289,3046.59,3522.69,115.63,16.01,1
P0042,Product 10,Toys,30-06-2023,North,379,1089.85,4554.01,417.86,23.45,4
P0008,Product 33,Toys,31-03-2023,South,773,629.5,3127.56,496.83,21.16,4
P0024,Product 12,Food,14-05-2023,West,490,9589.56,1685.97,17.58,13.39,3.7
P0029,Product 14,Furniture,11-03-2023,East,231,8486.72,4127.29,48.63,25.93,4
P0050,Product 29,Furniture,24-04-2023,West,41,3613.56,1821.67,50.41,16.74,4.4
P0044,Product 19,Electronics,30-01-2023,West,28,9572.33,180.8,1.89,16.2,2.9
P0043,Product 37,Clothing,09-09-2023,West,135,6800.02,4154.97,61.1,1.03,3
P0030,Product 44,Furniture,18-08-2023,North,201,4876.96,1732.51,35.52,29.6,1.5
P0004,Product 41,Clothing,06-05-2023,North,840,4980.95,3871.43,77.72,3.69,2.5
P0014,Product 8,Toys,14-06-2023,North,780,924.52,1820.16,196.88,6.93,3.6
P0013,Product 42,Furniture,26-05-2023,North,930,1007.87,4306.73,427.31,1.55,4.1
P0030,Product 30,Furniture,15-01-2023,North,33,6064.17,1105.36,18.23,19.2,1.9
P0032,Product 2,Furniture,22-12-2023,East,48,5581.66,4872.99,87.3,6.74,1.6
P0033,Product 40,Electronics,08-10-2023,North,503,2206.01,3901,176.84,5.4,3.7
P0020,Product 40,Toys,20-02-2023,North,407,9467.33,580.05,6.13,2.66,1
P0017,Product 22,Electronics,09-11-2023,South,574,7834.83,2833.23,36.16,3.1,1.7
P0006,Product 50,Furniture,04-11-2023,East,728,1223.3,4926.98,402.76,17.54,1.1
P0035,Product 41,Electronics,15-01-2023,South,805,9316.2,2360.62,25.34,20.65,1.7
P0026,Product 33,Food,07-04-2023,South,99,9745.06,918.71,9.43,11.92,1.7
P0003,Product 12,Food,10-07-2023,West,684,9959.72,2429.04,24.39,14.4,2.6
P0018,Product 11,Electronics,21-01-2023,South,872,653.12,2567.16,393.06,20.58,2.6
P0016,Product 15,Toys,19-02-2023,East,726,7396.65,3711.02,50.17,0.52,4.5
P0020,Product 6,Clothing,12-05-2023,West,987,5504.57,3497.24,63.53,9.69,3
P0018,Product 24,Clothing,28-03-2023,North,547,7087.73,2018.72,28.48,29.19,3.9
P0019,Product 41,Toys,22-08-2023,North,961,9689.65,1097.94,11.33,17.4,1.4
P0012,Product 35,Food,14-01-2023,West,739,6911.5,3228.82,46.72,7.63,1.9
P0032,Product 23,Electronics,18-10-2023,East,613,8385.94,2114.3,25.21,15.65,3.8
P0010,Product 42,Toys,04-07-2023,East,943,8682,670.06,7.72,10.28,1.2
P0036,Product 12,Clothing,05-07-2023,East,462,8400.96,4503.86,53.61,15.97,2.9
P0001,Product 15,Clothing,23-03-2023,South,643,4318.31,3459.2,80.11,3.77,3.4
P0030,Product 11,Toys,05-07-2023,North,769,2303.51,3419.09,148.43,3.98,3.4
P0045,Product 19,Clothing,09-03-2023,West,5,4026.85,4114.69,102.18,4.31,1.1
P0021,Product 15,Toys,17-05-2023,East,218,8929.78,2653.01,29.71,28.19,2.3
P0019,Product 23,Food,20-08-2023,West,503,1551.39,4077.12,262.8,21.99,3.5
P0034,Product 45,Toys,28-04-2023,South,767,5181.93,2495.47,48.16,4.87,1.6
P0028,Product 20,Clothing,22-07-2023,East,398,2408.96,345.21,14.33,5.65,3.8
P0009,Product 29,Electronics,19-10-2023,West,871,5854.92,2032.19,34.71,21.92,4
P0038,Product 3,Furniture,25-04-2023,West,795,8645.07,2492.35,28.83,4.68,4.9
P0018,Product 6,Electronics,03-07-2023,East,393,8815.56,3603.81,40.88,7.04,1.8
P0015,Product 39,Food,11-04-2023,North,207,2443.18,541.83,22.18,28.9,4.3
P0012,Product 38,Clothing,01-02-2023,West,15,9086.17,708.69,7.8,7.66,3.1
P0031,Product 24,Furniture,03-09-2023,North,858,5959.7,1325.78,22.25,19.85,2.5
P0046,Product 41,Food,17-04-2023,South,554,3567.16,1339.83,37.56,29.36,1.5
P0022,Product 15,Toys,12-09-2023,West,892,7110.99,3663.6,51.52,11.23,3.9
P0024,Product 46,Electronics,22-01-2023,East,461,4868.5,1261.15,25.9,0.53,1.9
P0026,Product 35,Clothing,13-07-2023,East,691,3842.08,3169.16,82.49,7.32,2.5
P0035,Product 32,Toys,15-05-2023,North,575,7080.34,2476.43,34.98,24.93,1.3
P0043,Product 41,Toys,19-05-2023,North,864,2562.37,2870.74,112.03,25.94,4.2
P0032,Product 37,Food,16-03-2023,West,743,3369.5,4192.15,124.41,23.06,4.1
P0009,Product 26,Toys,22-11-2023,South,241,4401.07,2027.86,46.08,3.39,3.9
P0020,Product 48,Food,29-06-2023,South,564,2611.45,3856.85,147.69,23.87,2.2
P0019,Product 11,Clothing,20-01-2023,North,96,4111.5,2115.96,51.46,27.56,1.7
P0047,Product 9,Toys,09-08-2023,North,900,5757.58,1775.82,30.84,18.02,3.6
P0036,Product 35,Food,28-02-2023,South,734,7435.64,4793.55,64.47,28.23,3
P0048,Product 16,Furniture,20-01-2023,East,485,7695.23,930.01,12.09,24.81,1.7
P0021,Product 15,Electronics,17-03-2023,East,407,8245.62,460.78,5.59,20.01,3.7
P0036,Product 21,Food,15-01-2023,South,231,7467.7,3857.22,51.65,17.32,5
P0040,Product 16,Electronics,05-03-2023,East,749,6842.29,350.57,5.12,10.46,4
P0032,Product 9,Furniture,28-10-2023,West,655,2451.31,4187.02,170.81,4.78,4
P0038,Product 50,Furniture,19-08-2023,South,171,4062.21,2191.6,53.95,18.15,4.8
P0012,Product 2,Food,16-07-2023,North,541,4829.38,4578.41,94.8,9.54,1.8
P0002,Product 25,Furniture,03-06-2023,North,36,920.62,3610.45,392.18,25.99,3.3
P0015,Product 35,Electronics,10-09-2023,West,525,5330.86,3055.92,57.33,29.8,4.9
P0032,Product 19,Food,08-02-2023,West,160,4419.72,4747.04,107.41,22.57,1.7
P0004,Product 1,Food,08-10-2023,North,839,8040.88,1989.28,24.74,2.71,3.8
P0042,Product 26,Clothing,01-02-2023,North,699,9781.22,4770.89,48.78,8.66,3.3
P0050,Product 44,Food,11-06-2023,South,243,5604.45,683.66,12.2,3.27,3.3
P0037,Product 35,Furniture,01-01-2024,East,86,3294.6,2423.94,73.57,19.52,3.8
P0023,Product 38,Toys,11-12-2023,East,796,529.67,1356.86,256.17,22.96,4.7
P0010,Product 37,Clothing,02-11-2023,North,578,9253.97,2703.82,29.22,27.77,4.1
P0010,Product 10,Food,27-08-2023,West,682,9199.25,818.45,8.9,13.15,1.2
P0046,Product 38,Electronics,25-04-2023,South,557,2604.6,4209.23,161.61,27.04,4.4
P0008,Product 2,Food,02-07-2023,North,574,6984.57,4233.58,60.61,26.34,1.9
P0024,Product 21,Electronics,29-07-2023,East,953,846.8,4776.63,564.08,9.52,2.5
P0037,Product 41,Furniture,28-10-2023,North,646,1745.53,781.81,44.79,26.07,2.8
P0035,Product 24,Food,09-11-2023,South,796,2246.41,3120.43,138.91,11.27,2.9
P0021,Product 44,Toys,01-10-2023,West,28,3015.49,2376.44,78.81,8.91,2.7
P0016,Product 23,Food,29-03-2023,North,620,9958.73,1728.47,17.36,19.47,4.7
P0028,Product 33,Toys,05-10-2023,West,556,6999.56,1764.19,25.2,9.85,3.8
P0003,Product 3,Furniture,01-08-2023,West,340,3903.6,2069.84,53.02,18.91,3.5
P0015,Product 47,Clothing,11-05-2023,East,798,7397.3,3527.58,47.69,18.29,1.2
P0049,Product 24,Furniture,04-03-2023,West,958,9161.02,2995.45,32.7,16.9,4.6
P0049,Product 47,Electronics,15-10-2023,East,331,9591.15,2303.81,24.02,11.41,4.6
P0019,Product 3,Toys,05-11-2023,West,640,672.85,388.91,57.8,16.45,4.1
P0032,Product 31,Food,24-02-2023,South,506,4005.77,398.05,9.94,17.89,1
P0026,Product 28,Furniture,28-05-2023,South,348,1156.89,21.67,1.87,16.37,1.2
P0037,Product 15,Furniture,15-11-2023,West,473,3423.03,4838.82,141.36,13.33,1.9
P0033,Product 6,Food,02-11-2023,South,231,1779.83,36.22,2.04,0.44,1.5
P0024,Product 15,Furniture,05-04-2023,South,190,6503.8,524.44,8.06,17.61,2.6
P0005,Product 18,Toys,01-02-2023,South,225,3943.86,1579.84,40.06,5.05,4.7
P0014,Product 29,Electronics,13-06-2023,South,385,2371.01,4039.08,170.35,19.28,2.9
P0013,Product 16,Electronics,13-04-2023,North,377,2732.79,4810.87,176.04,22.78,1.1
P0031,Product 37,Furniture,23-11-2023,East,283,3667.42,3952.17,107.76,15.01,2.1
P0020,Product 9,Electronics,21-01-2023,South,958,2673.5,3455.9,129.27,16.27,1.2
P0047,Product 6,Food,25-01-2023,East,633,4587.08,2611.29,56.93,28.54,1.1
P0041,Product 29,Electronics,12-07-2023,North,628,419.93,442.66,105.41,25.42,2.1
P0036,Product 48,Electronics,03-09-2023,North,973,2869.66,4791.27,166.96,27.43,2.1
P0044,Product 6,Toys,02-05-2023,East,745,4170.95,3794.38,90.97,24.41,4.1
P0046,Product 12,Toys,29-05-2023,East,259,6067.54,3198.36,52.71,3.27,4.9
P0022,Product 13,Food,28-01-2023,West,359,2782.48,3797.59,136.48,4.47,2.5
P0040,Product 11,Clothing,09-11-2023,West,710,1418.53,3623.28,255.42,15.8,2.7
P0032,Product 15,Clothing,03-05-2023,West,456,854.38,3189.79,373.35,7.38,4.4
P0045,Product 41,Electronics,09-11-2023,West,411,9411.27,4903.08,52.1,14.3,2.1
P0048,Product 40,Electronics,28-09-2023,West,649,4224.73,4517.79,106.94,11.83,1.6
P0037,Product 25,Toys,20-06-2023,West,318,5853.51,3236.86,55.3,16.48,4.4
P0039,Product 16,Food,15-04-2023,West,677,9199.85,3468.94,37.71,22.41,1.2
P0027,Product 21,Furniture,15-08-2023,West,225,919.21,267.46,29.1,21.46,3.5
P0041,Product 6,Furniture,11-01-2023,West,819,8778.95,3352.89,38.19,15.64,3.2
P0004,Product 45,Toys,19-03-2023,North,234,5560.72,230.39,4.14,24.67,2.4
P0034,Product 21,Electronics,30-01-2023,North,684,1731.86,2945.44,170.07,12.93,2.3
P0009,Product 23,Food,10-07-2023,East,664,4171.43,4996.77,119.79,26.9,4.1
P0035,Product 36,Electronics,21-10-2023,South,975,7798.26,2783.47,35.69,2.14,1.3
P0047,Product 47,Food,23-07-2023,East,827,4855.66,2371.32,48.84,28.64,1.9
P0030,Product 38,Toys,07-07-2023,West,374,9854.33,1571.15,15.94,19.64,3.9
P0019,Product 26,Food,21-08-2023,East,672,3829.72,611.41,15.96,11.4,3.2
P0029,Product 30,Food,17-04-2023,South,608,7520.83,3657.81,48.64,5.91,1.5
P0031,Product 44,Toys,15-09-2023,East,472,3990.6,971.07,24.33,14.38,4.5
P0047,Product 41,Toys,10-12-2023,East,233,8308.73,585.26,7.04,5.84,2.6
P0019,Product 24,Electronics,13-06-2023,East,692,5733.91,2114.6,36.88,4.99,4.3
P0007,Product 19,Clothing,06-03-2023,South,113,728.77,3978.76,545.96,18.52,4.2
P0050,Product 22,Clothing,20-04-2023,North,830,464.54,3727.87,802.49,15.69,3.5
P0032,Product 18,Toys,20-11-2023,South,497,1425.14,283.86,19.92,20.1,3
P0031,Product 20,Furniture,13-09-2023,East,442,235.35,2281.17,969.27,27.89,4.9
P0016,Product 33,Food,10-10-2023,North,564,846.05,2616.95,309.31,15.97,1.6
P0021,Product 30,Clothing,25-09-2023,South,268,6947.97,3226.29,46.44,17.43,3.9
P0045,Product 25,Electronics,21-07-2023,East,510,5390.03,3254.34,60.38,2.69,1.8
P0001,Product 2,Toys,03-07-2023,North,807,7524.12,1829.84,24.32,21.53,2.4
P0031,Product 39,Electronics,27-06-2023,East,386,9140.34,2807.78,30.72,12,2.2
P0001,Product 4,Food,12-12-2023,East,387,5892.98,2410.5,40.9,29.3,4.8
P0020,Product 18,Furniture,05-12-2023,North,113,7288.6,4426.14,60.73,24.7,4.9
P0039,Product 39,Electronics,31-07-2023,West,613,7595.1,2656.02,34.97,15.67,1.7
P0021,Product 3,Toys,29-12-2023,North,625,3840.72,2210.75,57.56,3.7,1.1
P0040,Product 26,Food,23-08-2023,North,952,2486.74,2028.38,81.57,25.78,3.9
P0022,Product 1,Clothing,22-06-2023,West,81,2129.95,2866.41,134.58,23.99,2.7
P0037,Product 29,Electronics,13-01-2023,North,699,2589.28,4021.85,155.33,5.54,1.4
P0046,Product 48,Food,04-02-2023,East,113,2819.84,2696.62,95.63,8.86,3.7
P0018,Product 21,Electronics,16-08-2023,West,2,2151.55,3311.66,153.92,23.8,3.2
P0021,Product 36,Furniture,20-12-2023,West,642,8794.38,3691.9,41.98,5.56,4.9
P0005,Product 37,Clothing,11-12-2023,South,220,7594.29,2605.64,34.31,27.53,1.9
P0014,Product 13,Furniture,24-07-2023,South,566,564.28,2139.82,379.21,12.74,2.6
P0003,Product 17,Toys,30-08-2023,West,855,2759.86,4384.56,158.87,2.61,3.2
P0036,Product 2,Furniture,22-07-2023,North,997,319.63,2093.36,654.93,24.47,4.2
P0032,Product 49,Electronics,02-05-2023,West,736,5031.84,2315.09,46.01,11.21,3.2
P0004,Product 49,Clothing,15-08-2023,West,225,4814.49,4951.8,102.85,15.79,3.5
P0023,Product 29,Electronics,15-09-2023,West,385,8330.58,11.19,0.13,3.37,1.9
P0022,Product 23,Electronics,12-06-2023,North,403,3146.99,935.51,29.73,0.08,4.4
P0034,Product 4,Toys,14-10-2023,North,638,8182.22,1925.98,23.54,19.14,2.7
P0017,Product 50,Clothing,12-04-2023,North,130,9682.94,4663.62,48.16,15.46,1.6
P0003,Product 28,Furniture,21-12-2023,West,53,975.24,359.45,36.86,17.81,3.7
P0009,Product 16,Furniture,12-12-2023,North,684,7939,57.33,0.72,23.81,1.9
P0044,Product 41,Clothing,28-11-2023,North,730,5940.56,272.89,4.59,19.4,1.4
P0003,Product 23,Electronics,12-06-2023,West,672,4852.46,451.83,9.31,5.24,4.4
P0032,Product 25,Food,12-03-2023,West,710,4263.3,197.61,4.64,10.82,2.8
P0042,Product 46,Food,25-05-2023,East,416,7868.22,2404.11,30.55,27.18,4
P0006,Product 8,Food,04-03-2023,East,247,6429.68,2907.98,45.23,23.1,2.2
P0029,Product 38,Clothing,01-07-2023,North,836,8069.94,1365.72,16.92,16.7,4.1
P0031,Product 5,Clothing,19-10-2023,East,439,9041.2,1997.45,22.09,7.67,1.4
P0028,Product 34,Electronics,28-01-2023,North,203,6210.91,467.58,7.53,9.06,2.4
P0023,Product 21,Furniture,20-01-2023,North,184,9806.58,1688.49,17.22,21.96,4.9
P0032,Product 12,Food,28-12-2023,North,123,6120.07,2617.37,42.77,25.54,4.2
P0010,Product 39,Clothing,02-03-2023,West,401,6402.78,3664.04,57.23,20.14,3
P0001,Product 9,Clothing,20-01-2023,West,767,5592.67,26.7,0.48,24.29,2.4
P0033,Product 24,Furniture,20-02-2023,South,294,1000.92,2341.88,233.97,23,4.5
P0029,Product 42,Toys,02-06-2023,East,280,7291.33,1492.04,20.46,4.49,3.2
P0039,Product 33,Food,12-06-2023,East,837,5519.72,4265.58,77.28,12.72,4
P0042,Product 23,Furniture,24-06-2023,East,884,4564.01,3580.61,78.45,4.59,4
P0018,Product 9,Food,09-12-2023,South,610,9113.67,2949.65,32.37,7.06,1.1
P0047,Product 8,Electronics,29-08-2023,South,198,3049.8,1393.56,45.69,26.08,1.5
P0044,Product 18,Food,06-04-2023,North,982,5283.66,4552.59,86.16,14.19,3.6
P0030,Product 16,Clothing,03-08-2023,East,907,7006.65,235.05,3.35,16.06,1.6
P0045,Product 13,Toys,31-08-2023,West,511,7985.07,556.24,6.97,5.35,2
P0006,Product 50,Toys,13-04-2023,West,752,4647.53,1964.23,42.26,9.37,4.8
P0019,Product 38,Electronics,17-12-2023,North,144,8436.71,630.94,7.48,6.91,3.2
P0009,Product 17,Clothing,07-11-2023,East,609,7712.29,4782.51,62.01,6.19,4
P0003,Product 25,Toys,28-01-2023,North,201,755.74,3991.97,528.22,19.14,3.2
P0036,Product 32,Electronics,07-06-2023,West,124,554.03,1302.32,235.06,7.71,3.2
P0030,Product 4,Toys,06-11-2023,South,187,6245.98,2946.89,47.18,18.96,1.4
P0035,Product 26,Clothing,14-12-2023,East,326,3539.39,4911.83,138.78,1.75,2.4
P0038,Product 17,Furniture,20-11-2023,North,464,2170.39,4422.15,203.75,4.25,2.1
P0032,Product 25,Electronics,23-03-2023,North,349,5838.53,3007.98,51.52,8.24,2.6
P0012,Product 21,Electronics,19-03-2023,North,771,3481.48,4519.58,129.82,17.91,4.2
P0004,Product 12,Toys,17-07-2023,South,660,5418.91,4946.03,91.27,20.28,2.5
P0022,Product 3,Food,13-03-2023,North,764,4655.18,3719.33,79.9,13.28,2.8
P0002,Product 38,Electronics,12-07-2023,South,955,5889.18,334.28,5.68,13.37,2.6
P0006,Product 19,Electronics,19-01-2023,North,932,4062.97,2013.89,49.57,21.74,1.4
P0016,Product 46,Toys,08-01-2023,East,403,7006.91,4190.75,59.81,0.47,2.8
P0002,Product 15,Food,15-11-2023,South,346,1882.67,1160.54,61.64,10.23,1.8
P0017,Product 39,Clothing,19-03-2023,East,963,6995.36,4154.91,59.4,24.56,1.7
P0028,Product 13,Food,21-04-2023,East,511,4175.45,610.49,14.62,18.1,1.4
P0043,Product 20,Electronics,14-02-2023,East,147,8755.74,244.26,2.79,10.12,2.4
P0030,Product 14,Food,12-02-2023,East,148,5200.84,1926.61,37.04,27.17,4
P0035,Product 38,Food,10-11-2023,East,864,9733.79,193.29,1.99,23.18,2.1
P0027,Product 20,Clothing,05-04-2023,West,711,6059.16,4786.78,79,7.95,2.2
P0050,Product 17,Clothing,26-10-2023,East,820,2316.11,4132.77,178.44,19.36,3.6
P0033,Product 4,Electronics,18-08-2023,South,489,8235.73,4005.84,48.64,17.87,1.8
P0013,Product 36,Electronics,05-10-2023,West,929,3516.32,3152.59,89.66,12.04,4.6
P0040,Product 38,Electronics,10-01-2023,East,936,3541.43,1089.46,30.76,11.01,3.1
P0017,Product 48,Food,07-08-2023,East,640,414.87,2596.12,625.77,10.31,2.8
P0018,Product 28,Electronics,09-03-2023,East,551,5532.28,2990.4,54.05,18.51,3.2
P0029,Product 24,Toys,02-03-2023,South,338,5390.79,2629.91,48.79,13.27,1.7
P0049,Product 11,Clothing,06-03-2023,East,872,3624.32,1308.56,36.1,24.96,3.5
P0030,Product 8,Toys,07-04-2023,East,641,8952.75,2581.09,28.83,20.09,2.5
P0004,Product 50,Food,25-07-2023,North,779,1374.61,2461.02,179.03,2.1,4.6
P0040,Product 50,Electronics,28-03-2023,North,988,3367.99,4981.72,147.91,19.21,1.7
P0026,Product 35,Food,19-06-2023,South,953,3283.67,4488.21,136.68,8.13,3
P0009,Product 24,Furniture,21-04-2023,South,473,1013.68,2322.27,229.09,17.78,3.4
P0047,Product 44,Food,25-08-2023,North,946,4863.34,3118.46,64.12,20.4,1.1
P0049,Product 14,Electronics,16-02-2023,South,151,6909.07,3741.88,54.16,6.92,2.5
P0021,Product 34,Electronics,14-02-2023,South,415,5165.4,183.98,3.56,13.71,3.9
P0037,Product 4,Food,11-07-2023,North,990,1654.08,4475.66,270.58,5.71,4.3
P0029,Product 12,Food,07-08-2023,West,298,3835.13,4302.03,112.17,1.57,2.3
P0013,Product 20,Furniture,15-12-2023,West,611,125.69,2292.59,1824,11.35,4.2
P0015,Product 1,Furniture,05-10-2023,South,263,8696.18,1961.94,22.56,10.89,4.9
P0049,Product 35,Electronics,23-04-2023,South,764,936.72,1372.07,146.48,29.86,4.4
P0011,Product 42,Electronics,07-07-2023,East,144,6013.05,2388.62,39.72,13.39,1.5
P0007,Product 23,Clothing,20-07-2023,East,346,9863.94,231.44,2.35,10.01,4
P0038,Product 41,Clothing,15-10-2023,West,624,5412.25,4262.45,78.76,17.41,2.3
P0025,Product 24,Clothing,07-09-2023,West,572,9248.01,186.76,2.02,2.66,5
P0047,Product 1,Furniture,07-10-2023,East,881,2437.55,1651.97,67.77,28.85,2.9
P0036,Product 29,Toys,21-12-2023,North,2,7623.56,4658.63,61.11,19.05,1.5
P0028,Product 7,Electronics,15-11-2023,South,897,5359.53,3678.71,68.64,22.65,3.9
P0026,Product 25,Food,18-09-2023,East,304,7233.11,1414.14,19.55,5.11,2.3
P0039,Product 6,Food,09-06-2023,South,254,717.18,1270.72,177.18,12.28,5
P0019,Product 10,Toys,03-09-2023,East,652,1562.62,35.36,2.26,12.68,4.9
P0028,Product 7,Clothing,19-02-2023,North,453,1417.86,3481.61,245.55,24.65,3.6
P0037,Product 9,Electronics,09-07-2023,West,37,6902.94,253.43,3.67,0.04,1.5
P0005,Product 33,Toys,09-03-2023,West,160,8459.96,2667.69,31.53,9.03,3.7
P0012,Product 47,Toys,15-11-2023,North,9,7521.2,4810.99,63.97,29.44,1.4
P0009,Product 5,Clothing,06-07-2023,East,233,401.67,556.25,138.48,14.25,1.1
P0041,Product 44,Food,01-07-2023,South,99,8685.43,4473.45,51.51,11.48,4.3
P0001,Product 15,Furniture,17-09-2023,North,659,3606.05,4957.46,137.48,3.59,1.8
P0035,Product 50,Clothing,06-04-2023,East,816,4031.92,316.97,7.86,29.22,2.5
P0038,Product 25,Electronics,08-01-2023,West,208,1138.2,4415.7,387.95,0.6,4.9
P0004,Product 24,Toys,12-08-2023,East,131,7400.31,2585.23,34.93,22.12,2.3
P0037,Product 49,Furniture,05-07-2023,West,404,1904.61,4533.5,238.03,23.06,2.2
P0035,Product 42,Food,23-06-2023,North,152,5683.25,2860.88,50.34,7.31,4.7
P0004,Product 25,Food,10-03-2023,North,54,8423.03,3313.94,39.34,20.15,1.4
P0015,Product 35,Electronics,11-09-2023,West,120,983.12,2723.46,277.02,2.79,4
P0038,Product 22,Electronics,09-01-2023,East,673,5399.82,4323.82,80.07,7.71,5
P0005,Product 25,Toys,17-03-2023,West,920,2408.84,3672.21,152.45,23.64,4.6
P0016,Product 22,Furniture,25-03-2023,East,628,3494.98,2611.09,74.71,25.94,3.6
P0013,Product 42,Food,27-05-2023,East,587,4792.3,4342.12,90.61,18.25,2.3
P0033,Product 15,Furniture,06-03-2023,North,625,3615.53,1233.97,34.13,15.21,2
P0024,Product 13,Toys,02-05-2023,West,968,6523.35,795.13,12.19,4.78,4.3
P0002,Product 18,Clothing,08-08-2023,West,420,4847.86,810.4,16.72,1.89,4.5
P0037,Product 28,Toys,08-05-2023,East,422,5883.57,1676.7,28.5,3.53,3.1
P0016,Product 26,Clothing,28-04-2023,West,104,7394.54,1201.06,16.24,6.82,2
P0012,Product 22,Furniture,27-04-2023,South,852,5621.65,4651.15,82.74,10.25,1.5
P0021,Product 12,Food,26-08-2023,West,254,5906.7,538.11,9.11,11.43,1.3
P0033,Product 2,Food,06-07-2023,South,227,5688.14,3497.96,61.5,10.39,3.9
P0046,Product 14,Electronics,31-08-2023,West,112,3849.85,954.22,24.79,7.17,2.7
P0045,Product 26,Food,27-02-2023,South,510,3440.72,4409.37,128.15,15.29,4.6
P0022,Product 24,Electronics,24-12-2023,West,473,9006.51,4806.96,53.37,24.76,4
P0003,Product 40,Food,13-05-2023,South,99,6114.8,2332.7,38.15,8.39,1.8
P0016,Product 43,Electronics,18-06-2023,North,153,2519.1,4396.57,174.53,28.27,3.5
P0047,Product 1,Food,27-03-2023,North,861,5032.65,35.67,0.71,26.2,2.7
P0028,Product 44,Furniture,30-10-2023,West,914,3370.45,4101.54,121.69,4.85,3.3
P0044,Product 1,Clothing,05-11-2023,West,896,9343.55,1150.84,12.32,23.59,4
P0004,Product 15,Toys,09-06-2023,North,878,174.59,4544.42,2602.91,17.24,4.2
P0020,Product 35,Toys,18-04-2023,South,338,2330.79,15.59,0.67,17,4.4
P0034,Product 31,Toys,13-02-2023,North,706,3717.03,2785.35,74.93,11.73,2
P0031,Product 21,Electronics,14-08-2023,East,822,4929.32,3785.61,76.8,15.03,1.1
P0026,Product 47,Food,26-04-2023,East,163,8523.09,1300.85,15.26,11.92,4
P0025,Product 43,Food,29-05-2023,South,720,970.09,973.73,100.38,16.19,1.4
P0001,Product 35,Clothing,03-10-2023,South,957,8078.06,429.65,5.32,18.84,2.3
P0047,Product 24,Clothing,27-11-2023,West,681,650.97,1638.9,251.76,20.23,1
P0048,Product 21,Food,14-01-2023,North,996,8438.91,2803.62,33.22,15.97,3.7
P0012,Product 9,Toys,06-02-2023,South,161,611.19,588.06,96.22,21.64,1.7
P0021,Product 49,Clothing,22-06-2023,South,580,280.6,1889.71,673.45,4.24,3.6
P0023,Product 29,Food,11-10-2023,South,801,6999.92,55.27,0.79,6.36,5
P0001,Product 25,Food,10-11-2023,East,398,9972.83,4095.21,41.06,24.56,1.3
P0015,Product 27,Food,09-09-2023,South,277,8976.44,650.96,7.25,9.68,1.3
P0010,Product 31,Furniture,04-08-2023,North,816,5802.38,1423.88,24.54,0.69,2.4
P0032,Product 40,Toys,24-05-2023,South,916,9182.22,101.95,1.11,4.61,4.5
P0005,Product 14,Furniture,02-04-2023,East,504,152.47,2166.88,1421.18,6.71,1.9
P0015,Product 23,Electronics,21-01-2023,South,896,9753.16,4202.21,43.09,28.72,2.4
P0026,Product 16,Clothing,20-11-2023,South,392,4958.41,1966.83,39.67,17.19,1.3
P0040,Product 5,Electronics,28-06-2023,West,135,7256.67,905.69,12.48,27.98,4.1
P0024,Product 28,Clothing,21-02-2023,North,195,8226.53,3770.96,45.84,17.25,2.6
P0038,Product 7,Furniture,10-07-2023,West,401,7212.73,3946.15,54.71,14.38,4
P0008,Product 30,Food,15-10-2023,East,640,5396.86,877.03,16.25,9.41,4.6
P0013,Product 48,Electronics,19-07-2023,West,33,4818.53,3856.56,80.04,18.19,1.9
P0030,Product 32,Clothing,01-08-2023,North,688,8401.97,4737.02,56.38,4.18,4.2
P0044,Product 45,Food,01-11-2023,East,460,2130.27,840.22,39.44,26.95,1.2
P0017,Product 21,Furniture,10-02-2023,North,955,9683.14,3857.21,39.83,24.88,4.6
P0004,Product 49,Food,28-10-2023,North,883,7138.43,3545.77,49.67,9.53,3.6
P0005,Product 44,Toys,09-08-2023,West,470,2075.12,2373.13,114.36,28.58,4.5
P0017,Product 49,Electronics,28-04-2023,East,375,7388.85,299.02,4.05,24.76,1
P0026,Product 29,Furniture,09-11-2023,East,22,5345.42,382.73,7.16,19.99,1.7
P0007,Product 47,Electronics,14-05-2023,North,750,7101.58,4263.55,60.04,3.65,2.6
P0012,Product 44,Toys,05-12-2023,North,670,7701.02,4950.84,64.29,14.35,2.5
P0013,Product 42,Food,23-04-2023,North,38,964.17,3383.5,350.92,15.18,1.9
P0045,Product 6,Furniture,15-02-2023,South,230,5110.43,2235.33,43.74,6.98,2.5
P0019,Product 4,Toys,27-03-2023,East,365,9326.94,3241.39,34.75,2.4,1.5
P0018,Product 34,Clothing,22-12-2023,South,563,3274.36,2976.04,90.89,23.3,2.7
P0002,Product 11,Electronics,18-12-2023,North,438,5979.44,1924.23,32.18,3.66,4.2
P0043,Product 37,Food,18-10-2023,North,776,3755.38,337.47,8.99,17.83,2.9
P0016,Product 36,Food,15-06-2023,South,283,4597.25,4109.35,89.39,28.09,1.1
P0010,Product 49,Clothing,31-01-2023,West,27,5531.17,1865.45,33.73,26.28,2.7
P0037,Product 8,Furniture,16-08-2023,South,226,5534.33,4095.74,74.01,8.33,1.1
P0043,Product 46,Electronics,09-11-2023,West,277,2097.13,1270.02,60.56,25.54,4.9
P0008,Product 44,Clothing,01-09-2023,South,798,6877.26,15.14,0.22,0.01,1.5
P0032,Product 44,Toys,21-08-2023,North,609,969.89,803.1,82.8,0.53,3.8
P0039,Product 29,Clothing,21-09-2023,North,284,1474.37,2348.01,159.26,18.08,4.9
P0040,Product 48,Electronics,11-07-2023,North,879,126.84,4722.08,3722.86,10.94,4.3
P0040,Product 49,Clothing,29-05-2023,East,960,1255.29,519.95,41.42,11.59,3.8
P0013,Product 26,Toys,08-10-2023,South,481,4784.35,4272.51,89.3,16.93,4.4
P0037,Product 16,Food,05-09-2023,East,453,6100.41,2639.85,43.27,5.75,4.9
P0026,Product 38,Toys,27-08-2023,East,829,7963.47,4131.34,51.88,6.35,3.5
P0019,Product 42,Food,23-12-2023,East,816,1156.32,1498.89,129.63,14.54,3.2
P0014,Product 26,Clothing,30-08-2023,East,659,8522.2,4201.34,49.3,22.63,3.5
P0003,Product 22,Clothing,04-05-2023,North,516,7485.15,3866.39,51.65,18.58,3.1
P0009,Product 46,Clothing,23-06-2023,West,547,4144.33,1157.97,27.94,8.92,3.5
P0035,Product 16,Clothing,07-04-2023,South,192,9336.09,665.36,7.13,12.91,2.8
P0002,Product 22,Electronics,21-07-2023,South,49,9910.2,4341.59,43.81,5.12,1.9
P0023,Product 44,Clothing,17-07-2023,South,512,2129.52,4816.55,226.18,2.24,1.5
P0040,Product 11,Furniture,04-05-2023,West,17,3854.36,166.2,4.31,23.48,1.3
P0043,Product 42,Clothing,25-11-2023,East,172,9271.85,3659.04,39.46,7.96,2.1
P0002,Product 29,Furniture,26-05-2023,East,220,7243.81,4548.53,62.79,5.33,1.2
P0022,Product 45,Clothing,25-08-2023,North,158,576.14,4288.23,744.3,20.75,3.3
P0023,Product 12,Toys,11-02-2023,East,477,7836.99,4822.96,61.54,18.54,2.1
P0011,Product 31,Clothing,13-01-2023,West,46,8296.61,3802.87,45.84,19,4.3
P0009,Product 26,Food,06-08-2023,West,373,7529.97,2217.07,29.44,6.87,1.3
P0028,Product 27,Furniture,11-06-2023,East,518,8015.42,1566.64,19.55,6.98,1.9
P0031,Product 34,Furniture,20-05-2023,East,99,8268.81,1610.51,19.48,6.62,3.9
P0002,Product 35,Toys,07-10-2023,East,892,1945.41,3624.87,186.33,5.21,3.4
P0013,Product 21,Clothing,23-01-2023,West,745,2433.35,3731.73,153.36,19.67,1.3
P0011,Product 37,Furniture,19-10-2023,South,37,6374.21,1009.79,15.84,25.44,4.5
P0032,Product 21,Furniture,25-03-2023,West,280,9087.87,4341.93,47.78,21.73,4.5
P0038,Product 6,Toys,06-05-2023,East,349,3230.35,3577.47,110.75,23.76,2.3
P0009,Product 20,Electronics,24-02-2023,East,497,5924.24,2818.12,47.57,12.14,2.4
P0016,Product 37,Electronics,08-09-2023,East,302,6861.52,2362.95,34.44,19.62,5
P0022,Product 41,Food,24-04-2023,West,181,4574.29,2720.73,59.48,10.63,3.5
P0050,Product 6,Clothing,15-06-2023,North,607,7166.45,804.64,11.23,15.77,3.1
P0044,Product 7,Toys,29-06-2023,West,99,9006.71,1026.47,11.4,14.45,4.4
P0017,Product 31,Toys,01-01-2023,South,700,6278.61,464.91,7.4,5.31,2.1
P0017,Product 16,Clothing,29-03-2023,South,993,5443.83,776.75,14.27,11.61,2.7
P0010,Product 9,Electronics,01-10-2023,East,116,4443.57,2273.93,51.17,28.91,2.1
P0027,Product 3,Electronics,21-06-2023,South,191,5817.11,2656.47,45.67,7.46,4.2
P0050,Product 25,Clothing,24-09-2023,South,253,3618.09,99.13,2.74,4.01,3.3
P0023,Product 34,Clothing,21-07-2023,North,981,3975.67,3986.02,100.26,12.56,3.6
P0028,Product 17,Food,14-11-2023,West,928,5365.39,1477.9,27.55,23.71,2
P0024,Product 11,Electronics,20-01-2023,East,983,759.53,4560.06,600.38,17.46,1.9
P0004,Product 5,Food,16-08-2023,North,161,2367.35,4837.88,204.36,20.43,3
P0006,Product 37,Food,26-01-2023,North,256,5474.21,935.44,17.09,5.69,4
P0029,Product 14,Electronics,03-10-2023,South,323,4372.13,2315.87,52.97,18.57,3.1
P0037,Product 16,Furniture,19-05-2023,West,128,3394.88,16.15,0.48,9.71,1.1
P0028,Product 9,Toys,01-10-2023,West,18,7332.44,2995.65,40.85,25.03,4.5
P0007,Product 22,Electronics,14-05-2023,West,793,6967.8,3040.46,43.64,18.88,1.3
P0042,Product 7,Furniture,26-04-2023,West,735,1750.63,1245.22,71.13,5.97,4.8
P0025,Product 34,Furniture,12-03-2023,South,566,8798.43,2796.48,31.78,1.94,1.1
P0010,Product 45,Electronics,02-04-2023,North,570,5004.69,1135.45,22.69,1.28,3.8
